LGA,LGAID,ImageURL,ImageSource
Alpine,20110,https://farm5.staticflickr.com/4070/4211110283_39064956b5_z_d.jpg,https://www.flickr.com/photos/fransdewit/4211110283/in/photolist-7q83nH-7q82xF-7qbVXC-7q81ri-7q7ZWc-7q7ZuD-7q7Z1i-7qbTy9-7qbSNs-7qbS3G-7qbRcs-7q7ViT-7q7Uti-7qbNLq-7q7SHB-7q7RWK-7q7R4T-7q7Qnp-bUVPhU-6ZQkgH-hYXuFD-8rFLao-8rFHEL-8rBkHg-8rFJjf-9fg7jz-bUVQ6u-7NefYF-8rFGXw-6ZUkZ3-bUVTis-bUVRJJ-bUVNoN-7Nif49-7Nehu8-7wmorA-7JHmPp-7B3MWx-7JHkXD-7JMgVm-7JHn6Z-7JHmxn-7JHkhD-7JMh8W-7JMfK9-dsQSq2-dsQSnM-dsQSkp-dsR3HN-dsQSgH
Ararat,20260,https://farm3.staticflickr.com/2215/2212082415_969d8bd1b8_z_d.jpg?zz=1,https://www.flickr.com/photos/eric_dl/2212082415/in/photolist-4ntv2Z-bCQwXS-aTGJ98-foJBM-bCQx8f-aTGJcP-e6TSzR-pz9WbX-e4jwDH-e6ZTm1-7MbdT2-6hGgZm-bppThL-q4ZHQz-8Y1Kkr-e6ZUp3-pz9Rct-7MbdTn-6hGgG9-nV1tbR-seiKUf-6wUyGU-rWRKRd-9mHyjJ-82Hiu7-oUR8nc-foJDQ-e4gicu-7MfxNS-pzdp8K-8r6pQi-6hGgpW-e6TVjB-p8fNzc-e6TX3R-9SCdME-pz9X4P-bNBMGe-9Sd3Pc-pzcm5U-7VsA1A-82Hjus-9CVs4V-bRKfzZ-91gXFj-dM1mUx-nT9si5-6wQLjn-pza6jr-bppJXw
Ballarat,20570,https://farm7.staticflickr.com/6006/5920400460_9227543477_z_d.jpg,https://www.flickr.com/photos/rimuhosting/5920400460/in/photolist-a2aAN1-5aVSog-6KrEcy-2wm6r-5EeYTN-8U3mHS-8cwssd-nzbvSb-nhW8jY-4PkB1N-nDnKSa-58Sxs4-nBAA1K-4JmDqw-4PgkzF-4PgkQD-4PkAJq-4PkAWE-8RJdEE-kRaLN7-aGHxxv-rUm2Zf-4Pgkrv-dh8Ek4-nhWby1-yRELg-cQrP4J-ruVrG1-3foDun-5MjvYD-rTP9ms-rE49By-sij1Ri-rmuY52-jRjqY-rWvQ4L-dMi9w-rEHGCb-rERJDR-rERHUz-rXeMYD-7wKKZw-s1Hvfw-oxymyW-vgJMxj-7gXDSh-8yQtot-fC8UfW-aVHHpX-sbpn4k
Banyule,20660,https://farm4.staticflickr.com/3382/3339193056_e48ef4c750_z_d.jpg,https://www.flickr.com/photos/kansas_sebastian/3339193056
Bass Coast,20740,https://farm3.staticflickr.com/2311/2277241162_3bb3bc0ae7_z_d.jpg?zz=1,https://www.flickr.com/photos/steve_lacy/2277241162/in/photolist-4tessE-aBqfJ9-aBntVt-aBnxde-oQwrKe-fxeo4P-oadEjb-aBnmai-aBqaVu-aBmqnV-aBnnma-aBSYME-aBq7KJ-aBQySK-aBVKtZ-aBYgK1-dBjYce-dBqmxJ-dBqmj5-dBjVfZ-pjDd8i-dXHfod-hSPEif-eRYypj-oQr1FA-dVP3DS-dBqpCE-hKjPwA-bLy2Jv-q8LTZF-q9oiF7-p3s2rW-aBYhSJ-aBR71i-aBT4ow-aBq15q-aBTb5f-mDzpcg-f6BCnD-jpLWi5-jqq6M8-qq5LuP-hKjMCK-oPFGUi-dXCdqW-9NDApx-oZEuwC-589E1q-4u9maF-pbfioE
Baw Baw,20830,https://farm1.staticflickr.com/39/117571034_1d2b2a58e6_z_d.jpg,https://www.flickr.com/photos/yo_ghurt/117571034/
Bayside,20910,https://farm1.staticflickr.com/111/293196197_0dff34ebd7_z_d.jpg,https://www.flickr.com/photos/s2art/293196197/in/photolist-rdyHUx-rUH1R-utR2hW
Benalla,21010,https://farm8.staticflickr.com/7477/16107810540_47f992b29b_z_d.jpg,https://www.flickr.com/photos/100780486@N02/16107810540/in/photolist-qxoJTo-pTajDi-qPWkyT-qPM88V-qxvH1P-qxsC16-qeAJt4-phQJoK-pX2JUm-pX59Zm-qeC6LT-phCQxd-qeeS1B-qck5xh-pX3zPf-pX9aMe-pX2ESo-qexDQx-pX73JF-qxpNL1-pSY2mW-pSXZAS-pTbXd8-qPTBd1-qMF1dG-pSXRsC-qxxhGV-qPXPR2-pTbJj2-pTbFar-qxoRZY-qxnrGw-qMCL4y-qMCJtu-qxv4GR-qPReL7-qPLoyr-qxtx6V-qMCzZf-qxmi37-qPLgH2-qxmefY-qxn6sU-pSVjf1-qPVi2v-qxmYef-qPVcNz-qxuBvn-qPQLy1-qxuxjM
Boroondara,21110,https://farm4.staticflickr.com/3202/2646009427_21e82ff772_z_d.jpg,https://www.flickr.com/photos/d-l-j-h/2646009427/in/photolist-52Puqc-52TRNS-52TNYb-52TukS-52TeYS-52NVfa-52PZza-52U1Fq-52PUgn-52Qagt-52Q6Qg-52Q3LF-52UcA5-52P5ED-52PQ2c-52PN5c-52TUH7-52PwqX-52PqzT-52Poqc-52Pmmi-52Tyoq-52PckM-rS9ezK-2rMutA-rS2v3j-52Pa4x-52P2wa-52Tcqh-2rMgn5-2rM36h-2rGZgr-2rHoep-2rGvBT-2rMcsU-2rMEsG-2rM7My-2rLWSb-2rMq5L-2rGs3z-2rMyXb-CrNPx-A33TF-55gJyT-55Giot-57dT7N-5xV61L-55gJJr-5xV6JW-4DZ8VC
Brimbank,21180,https://farm6.staticflickr.com/5514/11259666583_1146deb616_z_d.jpg,https://www.flickr.com/photos/110876622@N04/11259666583/in/photolist-4gBFMc-6FMrx7-a7bDVQ-a78MbK-a7bF5f-a7bF47-a7bAUb-a78GU8-a7bASs-a7bCtY-a78P2R-a7bG6j-a7bDSs-a78JBP-a7bCx7-9ft3qx-a7bGWW-a78Nak-a7bG2h-phZwWc-9THWPK-93cvLY-6FMHVu-nkpWNs-6FRfRe-i9YJAt-i9XGCp-9fwevm-ibzL2G-ibzBfx-e7Gc4
Buloke,21270,https://farm8.staticflickr.com/7240/7305576036_0afc34d35b_o_d.jpg,https://www.flickr.com/photos/dsevictoria/7305576036/in/photolist-uCFT3L-tG8duy-umxzrG-fyNGJW-c8yZdd-c8yNnN-c8yZew-c8yYC9-5zcn6s-c8yNkf
Campaspe,21370,https://farm3.staticflickr.com/2885/11961328286_fd9741ed8e_z_d.jpg,https://www.flickr.com/photos/indigoskies/11961328286/in/photolist-jdYWb3-aBbrE-iCQfS1-iJPMGA-qABE1T-e35fU8-9hztSd-9hzu69-7RQcMX-7RTsr1-hopTUF-horp6T-horor6-horqFB-hoqinU-horp62-hoqi1b-hoqohS-hopTNZ-horpC4-horpzD-horoEc-9SRNYD-9SRNYk-bavmTn-tR9ChY-hoqiMG-hopT7Z-horoF4-horpCz-cCQsmy-exyp3V-9MiKQA-rH1Vse-bnLmEg-bnLkBR-r3EXzx-uofN18-gcEEL9-dh5q2z-bnLmq8-egxzxB-nPhrfQ-trepoW-bepCpR-bepA42-8mrUwc-gtbiKF-gtb2yW-gtb1Ao
Cardinia,21450,https://farm9.staticflickr.com/8611/16856484452_188866f503_z_d.jpg,https://www.flickr.com/photos/greenstonegirlpix/16856484452/in/photolist-rFxTyh-bA3u99-bNGETk-cWsXef-bkSSfr-bnoyRb-8avxzQ-8as4iz-cWqoBC-e2RVGE-pseGtW-ekzkVS-cWqpcs-cWraGf-cWrasw-cWra7G-bADVDJ-cWrhPy-e2RH5W-e2RGU1-e2L3Ft-e2RGuC-e2L3QZ-4BsXBk-cWqdDf-bnnJ33-acJGPb-eWuhNJ-eWuhyG-9xF1rz-cBsfjC-cBrNXj-eWhRRT-9rpKpB-9rBJqz-pseGYU-9mjrrC-9SD7Hy-bmWTrF-dDG3sv-9bcoUD-9SD7Cj-pcLT9p-97opHa-puf4eC-9rBHFk-9rEFwb-9rBGex-9rEE9L-cKd5EA
Casey,21610,https://farm9.staticflickr.com/8299/7986888672_6f47087b39_z_d.jpg,https://www.flickr.com/photos/archer10/7986888672/in/photolist-daLTK7-87E4tQ-7ytS2w-66pE7t-87E4eb-87ARJ6-87ARWX-87ARSB-87AT3R-87ASXR-87E58u-87AT3i-87E5ib-87AT1p-87AT5t-87E4Yy-87E4Vy-87ASPD-87E4Uy-87E57w-78BGRt-4JsVcp-j1mcec-j1jJS8-j1oH4b-rPaBqK-j1mYfW-j1mQhm-j1oH2Y-j1mYbs-j1mbWi-j1jKgK-j1jJ5r-j1jPV4-j1mbDK-j1mY2j-j1oBks-j1mUCL-j1mbFD-j1jGHt-j1oAzu-j1mbLD-j1jLjB-j1jH7p-j1jJHv-j1jPKp-j1mbAD-j1oyif-j1oyLE-j1oAHW
Central Goldfields,21670,https://farm8.staticflickr.com/7379/13298286554_9eda7c4b61_z_d.jpg,https://www.flickr.com/photos/joceykinghorn/13298286554/in/photolist-mg8chE-mg71EP-mg6gjn-mhPx6G-mg8bJA-mg74Qg-mg8e5h-mg6eEv-mhNuiZ-mhMCQc-mhQHs2-mg4SFM-6tR3sB-mg6YVr-mg6ao4-mg63f5-oYyjRJ-4znZBg-mg6Zoa-mg63Nj-zTkTv-6iKVAU-4bYLJ2-4c3JK5-mv7sBp-4c3JYq-7ZFDKD-7ZFEPg-7ZFErn-mg62Co-rNM5pw-mg47xi-jr8Qsj-mg6b7D-oYjFxk-mg61Fo-mg5Zbu-4c3JFE-9enQXk-jr8N3E-9eqVcU-mvsfZ7-bucAKY-mvsf51-9enR7a-4bYLke-7ZJQbj-7ZJNjC-7ZFCFz-4bYLFp
Colac-Otway,21750,https://farm8.staticflickr.com/7391/11848668724_49dc3ccac6_z_d.jpg,https://www.flickr.com/photos/pacificklaus/11848668724/in/photolist-j42wpN-bnVaYz-4Gstwa-zn7m-Ysu1-zn3Q-ukE9P-5KKXyr-c8ufCh-jgsyxc-jCMJjy-87zems-6aEKdT-j4mdWJ-acBUt-pqwuno-j4kvEe-oL5mwY-4sgnwv-8dsEEj-pWLUbc-pborjV-iyLf6-pGG7i8-883LNr-8dpnDe-4iMSoD-acBSd-acBUg-j4ks6k-2fkBrs-8aT7du-4Smvq-oWCv29-4Smvo-9E7cZB-4aR5EJ-4aR5Nm-bX4UzQ-67yCDg-67CPV9-9Eas4h-4aJjhQ-4aM3XX-jzaSxh-9E7xhB-9E7da6-dCNvhw-b1nyVB-9E7xw4
Corangamite,21830,https://farm4.staticflickr.com/3495/3213136235_b4fbac8cdb_z_d.jpg?zz=1,https://www.flickr.com/photos/sacharules/3213136235/in/photolist-qTzVj3-5Zem6Y-5GW2pM-pWDJDj-5TWasB-pGVUW5-qBDvNN-5TTTMm-da6uBW-da6vs1-da6xxd-qjgz6-bzDASh-7Du8y5-5nyb6r
Darebin,21890,https://farm5.staticflickr.com/4009/4431165214_a02da5354a_z_d.jpg?zz=1,https://www.flickr.com/photos/pickard/4431165214/in/photolist-7KyT3f-7KuWAK-7KySXL-7KySWG-7KuWv4-7KySRw-7KuWqa-7KuWnn-7KuWik-7KuWg2-7KySBJ-7KuWb2-7KuW7n-7KuW52-e6ErFh-7Ky5QE-4vBCXh-4vCkzY-8u6qAN-g8jKD-5KQdvS-76xeVQ-71usoT-aUZkS4-bd3EL4-8mvLLc-bk1rQ-bjAge5-8myUd3-bcCn4v-g8k2K-bcCmBc-bcCmgr-5TjrVf-5Tf8m4-8muLba-8mt2BH-8msSfe-6MDkPL-bcCmWM-bcCmvD-8mxH5b-4vxxfH-bd3FxF-bcCmck-6ZQ8fv-bxvcoe-bcCmRt-8mDQji-bd3F7v
East Gippsland,22110,https://farm4.staticflickr.com/3361/3590331835_11c6664580_z_d.jpg,https://www.flickr.com/photos/cbpeh1/3590331835/in/photolist-6tgoz2-cSy1Wy-sdoUzw-6XorV4-pxMsF9-6Xsss5-az1Wsz-6eMBDG-az4QJ5-az24MH-az4P13-az296g-az4K4h-pZ92ui-btKVfe-cSy1ms-nPPT8R-cSy1vN-cSy2go-pEuKbg-6tgnVF-5s6YHt-9tje5c-9tjdEM-cSy28m-az4D3S-7NwMhe-5ynoZ7-7uyiTd-pg2wqw-cSy1P9-2adLzb-ryXNBg-o4RGGk-9tjdRz-i5JQhy-4mUY3G-q577oz-cSy1F5-cSy2pU-dxexGL-9iff2-5tQs3r-5s6Ytn-aZ1M8g-aZ1L7p-aZ1JL2-aZ1MPM-aZ1Krn-5s6YB8
Frankston,22170,https://farm9.staticflickr.com/8223/8404716572_35bba3cfaf_z_d.jpg,https://www.flickr.com/photos/greenstonegirlpix/8404716572/in/photolist-hePzCL-dNGnqq-pZS1we-agaFUH-gqgfE-buJHAi-u5Lzud-aSEeDM-gm6jc-gqhsK-8wdA9g-gqcUN-8wdAtF-aSEgQK-j3KJaV-gqkK9-ap5tsW-hNpAXF-egzY4v-b58mSR-8wa5CP-ozw4np-8wgwYm-8wd7eJ-ap5sq3-uGhrM-v2M7me-7QySzz-u5W2Se-u5LwZo-74oLMj-ajJcR4-9AFwJh-oRJ8gF-qmExoR-qmvKfh-8wdwJM-8wdzQr-6wyXCW-9XzhJ8-7QyJn4-7QyVDP-7QCe69-7QC9P7-7QyNeX-ajJeMX-7QyLd8-7QC2yJ-4vErnW-7QyRbV
Gannawarra,22250,https://farm3.staticflickr.com/2117/2122453696_b0544148b9_z_d.jpg?zz=1,https://www.flickr.com/photos/yewenyi/2122453696/in/photolist-d6JmoJ-6r7AoD-6rbK1m-d6Jkyw-d6EzVE-4ey8xf-4ey8Bd-4eu9LK-4ey8yy-6rfgWo-6r7DTk-6r7QDK-6r7Dkt-6rbDFu-6rc2n3-6rc1A9-6r7AFz-6r7yrn-6rbGxu-6rbESL-6rbDXm-6r7tTe-6ro9hX-cV58qu-cV4zS1-d6EjNQ
Glen Eira,22310,https://farm6.staticflickr.com/5567/18693099730_549ec99a42_z_d.jpg,https://www.flickr.com/photos/avlxyz/18693099730/in/photolist-rdyHUx-rUH1R-utR2hW
Glenelg,22410,https://farm6.staticflickr.com/5261/5876086111_8321424de4_z_d.jpg,https://www.flickr.com/photos/simonvarwell/5876086111/in/photolist-9XftFv-9Xio5s-b16unR-bGawvv-8J2vSc-btrvqW-4m4UNu-4kZSq2-4kZS9e-4m4Vay-55nqGX-Nui2F-8J2Azt-9XiqMS-9Xfz5k-8xWZjV-7McN3V-5pLYeH-7McMZg-hbsvyW-4HPrbi-55YCu3-hQtxTV-55Uqox-55YC9j-55Urne-7tniyq-hbshCL-5pLYo4-azXqEC-6jVo1k-9XipP5-9Xinh5-55rCx7-6jZz5j-9Xikth-9XioYJ-bktxMb-bkty2h-iER1ZY-3SGWM-3SGVA-iETd4Q-3SGUo-7kMzdV-7kMB1p-7kMBmk-7kRukY-7kMAGR-7kMzBB
Golden Plains,22490,https://farm6.staticflickr.com/5281/5338168717_263e543f0f_z_d.jpg,https://www.flickr.com/photos/nimal/5338168717/in/photolist-98HvzF-dXwiEV-6ggkGK-dGMMDL-a9C9tV-q6SGDM-97Z2rS-9iWa6i-6gktPG-97VUCD-98LzF1-97VXZe-q8Gxcm-6gkuqo-6tQV6e-s3phAf-bvSB1X-bvSFyn-bvSDGT-65wdiy-98HtRD-98HuTT-98LBGo-a9CdGR-a9CdnZ-97sEhY-98HrMX-6fpXsw-9MCJPC-9MzTZa-97YZSU-pTqDBL-6fpXRJ-6dt3P2-a9EW6Q-jvN1nr-9MzTpT-9MzUQ6-9MzPBn-mFLZaH-9KpUuL-8V3QPb-9UFpWP-8Gefq1-54TZrR-6zbXBo-dWUGbY-dya5Fp-dya7o6-a9EYvS
Greater Bendigo,22620,https://farm6.staticflickr.com/5566/13449268054_833e0c9951_z_d.jpg,https://www.flickr.com/photos/99781513@N04/13449268054/in/photolist-mut1PY-aLpKEx-6LFLTT-5NbvHZ-aLpRKi-beMDfp-dPN7FE-diFvcK-aLpERn-9TEUQX-ppn2xv-f7rvNu-9Dh3Bh-9Defu4-67La88-bDBx1s-aLqzmR-aLqAqP-9TFwop-bYUZus-aLppJ2-aLqy3P-aLpUxZ-bYUTbA-9TF6QZ-rWwxAr-rWwBog-pqLLK1-f7ctFB-cj8uyQ-9TF96c-h8hCid-5zUa29-bDBw67-hAhvfA-aLpvc8-aLpLFe-aLqJoR-5DCVTZ-9TF2tc-aLqFor-oStiGw-aLpE2a-9TFAuz-9TF5tg-aLpHua-ezjYWd-ptgHGC-oPzpWn-rH2qNE
Greater Dandenong,22670,https://farm3.staticflickr.com/2249/2254014096_0c52e534a5_z_d.jpg,https://www.flickr.com/photos/helenk/2254014096/in/photolist-4rbpS1-4r7qwn-4r7j7V-4r7mBp-4rbv3d-4r7kQ6-4rbvFQ-4rbv9S-4rbpnh-4rbtXw-4rbtqu-4rbvTJ-4rbpJY-4rbs7U-4r7jDX-4r7ozk-4r7nsD-4rbt9j-4rbro5-4rbq7C-4rbrNh-4r7paX-4r7nkV-4r7iZr-4r7odF-4rbsAN-4r7mJr-4r7kx6-4r7jgz-4rbui9-4rbqVw-4rbqgY-4r7mZV-4r7pSH-4r7oFK-4r7pxT-e8Z7ri-e8Z5Hn-e8Z86K-e95NKA-kETeJq-dquaxE-4rbpuj-4r7oiM-4rbr9q-4r7o44-4rbrvj-4r7qf6-4r7pp4-4r7k3a
Greater Geelong,22750,https://farm8.staticflickr.com/7232/13971528626_b8a790e60f_z_d.jpg,https://www.flickr.com/photos/hazara/13971528626/in/photolist-nhBJGA-6fq8Ws-6fkXb4-74omAr-74swzu-9neJsh-6cnZNE-egdZJq-a9C6Wn-bfdVbT-dGGmaF-dGMM2A-dGGkU2-9MCHP1-dGGkK8-iRQzyk-9MCGQ5-dGMMib-dGGku2-5WpzW1-dGML3S-9awPkw-pGN9Pm-jvPC6m-8FCg4S-dUS46B-jtEN2c-jtGBTk-6zRXY1-ezsWSR-jvMiYk-dGMMwj-6ggiYc-dGMKVN-98LAty-97Z2rS-dGMKNC-dGMKtb-97VXZe-q8Gxcm-6tQV6e-65wdiy-98HtRD-98HuTT-98LBGo-a9CdGR-a9CdnZ-97sEhY-98HrMX-6fpXsw
Greater Shepparton,22830,https://farm8.staticflickr.com/7551/15030465973_b332ee43a0_z_d.jpg,https://www.flickr.com/photos/100780486@N02/15030465973/in/photolist-pQKeVi-oUc4T4-oU8x45-pR4MUJ-oU8o77-pNTs9s-pypJR8-oUbeRc-pQJFp6-pNTAAs-pR5ipW-pQYzWP-oU8joL-pNT7rw-pNUuMm-pNUrQE-pNN84U-oUbJy2-oUbNiB-oU9c7j-pyyejn-pR3CFq-pyuJJz-pyvhGT-oUctwM-pyAkps-pNSeMf-hHtU4X-hHuXAd-hHuwPG-pytWuR-pQJZmP-pyAtTb-pQKU4T-pyvwA4-pQXwkE-pyv4Pt-oU9f9S-8zbtzN-pyqgae-qeD2fr-pyov8t-pyrYmF-oU9SXR-qxqAWY-pX4st9-pQW8WM-cVorr7-oU2mr5-qem8oD
Hepburn,22910,https://farm8.staticflickr.com/7140/7758846616_7ae7902a6a_z_d.jpg,https://www.flickr.com/photos/24523198@N04/7758846616/in/photolist-93wCnF-dgBThm-ggK1Mi-dBaMX9-6gkvjW-cPC9oh-j97bds-dgBRAc-cPC7Mw-cPBPHG-cPBR13-6ggjFH-93zJby-j982nu-cJ9cxf-cPCap3-cPC9My-df5Ci9-dM72zj-9vN54e-jrk6Sq-dgBQW8-dgBTvS-dgBRw8-eJE4WJ-dgBRsr-dM71S9-dgBRFe-8FsZDb-a6saT9-rguLAq-8qMsVS-ggHEXb-dgBTsm-7Tfwod-qA3ntf-rfsng9-7Tfyzq-obJTyZ-rx2RFa-reKMEk-ry54za-rfmNvE-rdBvgk-9xGpY3-qBnh2d-qBuus2-qBnfyo-cFHBqC-d7VZSY
Hindmarsh,22980,https://farm6.staticflickr.com/5525/9768691115_5ac578fc50_z_d.jpg,https://www.flickr.com/photos/joceykinghorn/9768691115/in/photolist-4vZwf-iXBT1B-oeJpYk-gQFnuR-u4dbx-nLLWGL-fTe6wT-b6X7hM-oq2WNX-hQdPaA-5Vagnc-rmt4Mo-qGfZgr-rjHHiD-aCM45-62jNb5-eDDiZ-cm9aG1-b6X6WH-ow6x1T-b6X8Wa-b6X8rg-b6X6kx-b6X5HZ-b6X5fa-dDqhx9-ikeeov-b6X4EF-b6X46V-b6X36T-b6X25M-b6WQbH-a2ME8P-a2MDYn-bkfjfz-5crx4y-5Zg3dx-j9VRLw-j9TzZy-j9RbBB-j9VHXW-j9Tti7-j9TocW-j9VUBw-j9TqtQ-noTf5k-283zF7-6Cfn56-ryJhEu-oukPfW
Hobsons Bay,23110,https://farm6.staticflickr.com/5301/5584683826_73da23efd7_z_d.jpg,https://www.flickr.com/photos/russellstreet/5584683826/in/photolist-4yQAuV-cUjAv-d3ER9-d3EJ4-biZV2-2aRRnE-9vuXWb-atkn28-accGx-cUjsu-3aYZ9k-9o71s2-9oaADS-9o7zFk-cUjZs-fM9Sij-djQTBG-p8QfEW-djQSW6-cUjE7-d3ELy-bVGey-acdk4-acdgD-myQSmi-mFJ2BT-9o7jnT-5rxyLh-accKm-biZRC-biZLt-4vUwvw-biZNF-acde3-2aMpDM-bFppFx-cUjiT-4JZJBf-cUjHn-2aRQPA-d3EDs-2aRQiY-cUjx4-9vrZqk-biZPM-9oakyh-cUjNn-4vUugj-2aMp68-9o7GoM
Horsham,23190,https://farm8.staticflickr.com/7796/17159101297_c028a9a68b_z_d.jpg,https://www.flickr.com/photos/75012107@N05/17159101297/in/photolist-s9hT16-dpUdcm-6V21kH-9tSJCQ-9tPCp8-9tSAAN-6V21hx-9tPLrD-9tSJFo-9tPLui-dt4NJc-dFU9Cq-dFNHEg-dt4QKp-bZzaDC-9wc4sk-9weVzb-9wf1XG-9wcaPR-9weXAf-9wc9Dn-9wc6jB-9wfcTf-9wf13U-9wbVUv-9wbWZn-9wf3if-9wbY8P-9wc79X-9wc3nn-9wf5nh-9wc1t8-9weWCC-9wfaUU-9wf7iw-9wc6WF-9wc3Ee-9wbWHt-9wGFqU-9wc8qZ-9wf6bw-9wf6oL-9wfbZE-9weWkE-9wc632-9wf4G7-9wbYSD-9wcaAx-9wc7J6-9wfbz7
Hume,23270,https://farm1.staticflickr.com/179/381685763_1f3943fd60_z_d.jpg,https://www.flickr.com/photos/suburbanbloke/381685763/in/photolist-zJeT2-oSvfWA-9U1kiq-cuCaLo-p5aXm5-zKXrp-4qvNpu-zKXrs-zKXrt-6ovX3a-9TXvWx-jdiSgL-zJeSZ-zKXrr-cnbsid-7MN5wh-7MJ2mx-4ffPXi-4f2S1e-q1e1T-6pCXf-5XvWDu-7D9MBb-odPzQ3-9TXvJX-aWi7sx-zJeSW-odPvWw-75TuD6-aUSRHt-9nhSMj-61caBm-6jb88x-ajrwUg-4Us51s-amz1BH-cjPD7A-7TxNS2-5pwgCE-6SEoEM-5boHAK-7TtPQx-8CGuj1-4ffMrv-9t9QfP-9tcPqb-drwQsc-odPUpM-9nQUqF-5XrEse
Indigo,23350,https://farm7.staticflickr.com/6235/6285509653_6c436eb95e_z_d.jpg,https://www.flickr.com/photos/31031835@N08/6285509653/in/photolist-6YVpeE-atThk1-8muXXs-8kF16k-acKde4-bebgAx-aooeQc-dts3Cf-6Pk6CX-frYRxs-azqT36-oHPSU-4tUVqB-rvnmsV-6kMSG6-smgwsh-pGLYMT
Kingston,23430,https://farm4.staticflickr.com/3141/2987318411_ede04da163_z_d.jpg,https://www.flickr.com/photos/lukewalkerlukewalker/2987318411/in/photolist-5xYMFR-4PsdQ7-52mmUq-2TSFc-6rJL34-6rJKSc-6rJPKZ-4Ptg7J-52Wnwf-6est7d-6eoiqK-52kDaL-6esrwY-52gpDZ-52h6rR-52hiLP-6est9L-6eojWt-6essrm-6eojqt-6eojmn-6eoivD-6eoiLv-6estfb-6eoiGB-6eok3z-6eojyt-6essCL-6eojxr-6ess5N-6essMj-6est47-6eoitD-6eojAn-6eoiWV-6essef-6estjS-6eoiQR-6eoj9c-6eojGk-6essaW-6ess9C-6eoiK2-6esrUC-7S2trX-9j4BAQ-6eojnP-6essiw-6eojBK-6estnq
Knox,23670,https://farm9.staticflickr.com/8018/7104418889_54b914187b_z_d.jpg,https://www.flickr.com/photos/yewenyi/7104418889/in/photolist-bPN1dR-nZUGMh-a5kzvv-8oRjr1-nZW1op-o1YE3X-gnKTFg-kRpv2D-8B4Ln2-bCRLUb-jFhNLR-8555Yt-fucN7Y-oh7P3V-nZ2m3y-dVmmDP-oAndAf-okUzvH-dJ14ca-oe2LGA-dJ4ePg-e9UndP-dJ2RGH-dJ2S1k-nMUrW2-jF36rH-nZUWJe-nYztmn-nKCiaz-nKRTqN-nJMfvH-nZs3n8-ny66TL-ntqLdj-gnKTgt-nZVZNg-nKRTGE-jyb7Ex-nZVZVk-nDvtR8-nZs3Nt-nYz93o-ogtgPC-ngHzzR-ogewcx-jBv3Mq-nZ9SVc-nKVnwv-ZDFn8-jyb8vR
Latrobe,23810,https://farm6.staticflickr.com/5028/5675305793_933a239efe_z_d.jpg,https://www.flickr.com/photos/ccdoh1/5675305793/in/photolist-9DvqFT-dcmnCV-qBvUvh-ggjb4X-dbLGec-dcKLhv-qnm9mk-dcmZiK-dbK7ri-dcmzD9-cU7hX-9cnVjS-4S12ny-qnmA4R-bhMVbP-dcmgeE-dbKdyH-afTu4n-4S12qs-dcw4zP-dcv8ag-dK7waN-bkTjrB-9cjRHX-qne7wG-tbEiJf-psAC7T-qnkJxP-9aB2Lg-dctyBJ-4RNCtc-axWsvt-qnnPZe-dckYyR-qDGU3W-dbKu5a-dbKRwS-fdz8FD-fdDHs6-aA8wia-7an4E7-txJdPF-tQqUDB-ahmVQ9-sTnnot-txNNRv-txzhwh-5BdM2K-dbMaq3-acNeAc
Loddon,23940,https://farm3.staticflickr.com/2929/14733532836_e42cda606a_z_d.jpg,https://www.flickr.com/photos/oz1/14733532836/in/photolist-4zz5w4-ocvxYX-orXd1d-kdvwa-pww8vq-nv8svJ-9q4Csg-9pGvNi-9q4DXP-9q7HN3-9q4DjM-9q4H3a-7xGmkQ
Macedon Ranges,24130,https://farm8.staticflickr.com/7342/12603296505_cc85ef9294_z_d.jpg,https://www.flickr.com/photos/52846207@N04/12603296505/in/photolist-kcHbXB-kcHpFR-k6sBED-kcH25k-f6Bp3p-84pzKB-fnDD5v-fnDXpk-dwzkLZ-fnDDQt-fnU5vb-fnDSu2-fnUeQG-hbMaVN-7JuNpe-fnTQ6u-hbLotL-aARq5t-hbLhNY-fnDC9Z-fmVWzm-qzYiDb-fnDH96-RrQY4-fnDG9v-fnDKcP-hbLzM6-hbJV4P-fnDEDz-7JuNgZ-hbHyqr-hbHmTD-fnDFoz-hbJAcP-hbJkmY-k6t92t-k6ssGi-hbJ1rz-84pGa6-fnDJht-k6sGgT-kcHNSk-8GC1Q3-e4UhJf-e4Uh6u-e4NDhk-e4Uhe9-e4Ugpf-e4NEBr-e4NEBn
Manningham,24210,https://farm3.staticflickr.com/2333/2251225810_2216da224c_z_d.jpg,https://www.flickr.com/photos/atoach/2251225810/in/photolist-375DyX-4qW817-7kshFy-er9QmN-89xEYc-85t6gr-85weS1-9gKgNs-m3eA2T-4qW7aY-7kshhw-9GAty5-m3eBkV-2wvRu-2wvys-9Pq8Va-7kFwEs-2wuXn-9hpSp8-mXgDke-eepWSU-4UaH8s-4qS4Vn-4MmXL-aw45wf-7YyLR5-8UUdBU-4RYQ8d-uT68L-3cDvQ3-47yKkK-8QTfkK-9rnLeF-djttnN-9gWzFZ-4MmXH-4MmXG-9Pt57J-9Y4err-kWVqpx-4riW7m-5XHBG4-9Pqbac-bhYCcr-hMbmMr-oBVar5-9n1B5H-4VDxKs-7Z63t6-9rqKUm
Mansfield,24250,https://farm1.staticflickr.com/39/79261890_d7cf419636_z_d.jpg,https://www.flickr.com/photos/pdr/79261890/in/photolist-dxR1Rp-dxmiTz-dxrQGu-dxrsvY-ebGQ8D-dxWtD9-dxrLaN-dxR1yB-dxzm7s-815m5-8146L-811Rw-81fHD-811jJ-8135G-81bZv-819sd-81eNj-819P3-81bfn-815SS-817Qg-dTwZar-p46TqC-bsXGua-dxzkpY-6TWXsx-dxtSmz-dxmjkr-dxm1Sx-ebNtKf-7vpYtm-dxtUq2-dxzjJb-ebGQGa-ebGPTp-dxtTHK-dxR2J6-dxzk2C-dxR2sa-dxR2ca-cTcbfU-rkR26W-8BqHzd-dxrsfb-dTwZ9P-8Pmq1w-8PikaB-dCkCbd-pBMHRU
Maribyrnong,24330,https://farm1.staticflickr.com/114/250287678_e18db4bfdf_z_d.jpg?zz=1,https://www.flickr.com/photos/k3k0/250287678/in/photolist-o7MNN-6hCvsX-6hGFGS-6hGFW9-o7MNH-74oTuS-qSHNzu-qSPTYn-74oTVG-9aUth4-9aUtjX-9aUtmT-9aUtbK-hht9Jk-9aXAL5-9fwevm-aij5BU-GCuuX-9HE471-aigisF-azVP1e-azVLWT-azVNrv-4ABATc-4CYMJy-J5TsG-qPfFP-4ABAXe-at45Xb-o7MNL-9R6LAc-9R9Fe3-MJq3V-4tXjk7-4Zuqyv-9aXAA7-9aUtde-9aUsTP-9aXAJN-9aUt6K-9aXARW-9aUtiK-9aXABQ-9aXAGw-9aUsSe-9aUt2x-9aUsVa-5BvXnn-eiQ2Tw-5GvrSL
Maroondah,24410,https://farm4.staticflickr.com/3631/3503423889_1e06d95a8b_z_d.jpg,https://www.flickr.com/photos/ccdoh1/3503423889/in/photolist-6kzXSa-7FBuwT-7FFp5N-iiFbg-4dnRig-4drPnA-7FBuuH-7FBuu8-7FBusr-7FBurT-7FFp1b-7FBupx-7FFoXQ-7FFoW9-7FFoV7-7FFoTj-4iy5A5-4itXKB-7Jfn2c-4iy4dL-7Jf2jV-4iu2mz-fsJCq4-j2Gm6M-fsYWLG-6tZAdf-6tVm4r-4zsD1w-p6QRnZ-p759R1-6aTBD6-fCQWn-6uJx5u-dP97Be-cjAmqj-dP925X-riPWKx-rkxNmu-7RLRFT-oPBUwU-rC3MZC-qF9LfA-rkGwzc-rC3JN7-rkz7eG-riPUea-rkzWFo-rC9j8g-qF9Aiw-riPPBK
Melbourne,24600,https://farm4.staticflickr.com/3566/3343671411_c6db0ccff7_z_d.jpg,https://www.flickr.com/photos/4yas/3343671411/in/photolist-66tc26-mT7p8-4ssfkP-mE2xY-4STqSG-qQw2So-bkeWsF-si1kD-6WE4iE-ifqm7b-sKrNo-cHZ7hu-c1amqf-s15mi-oQJJ7h-bWFSSW-7TjfaM-9XFFCo-B4CYz-bDUcP2-8oPQRS-kc912e-5ge7sz-aSZg18-bcxe6r-a8EqMf-sKt9M-c1ss1y-8icwuZ-eiZ7qp-hYzzCs-BbN2n-eJyYnS-fmgHdp-jhW79u-fuLwA5-fvarSp-pxg6mx-eiJP5D-smNmZ-dAjzda-ekUAM3-kTQCSr-shXeD-mE165-dFA8nb-fuLoyb-mJJu6-7Tjf4a-7TMtkp
Melton,24650,https://farm6.staticflickr.com/5249/5686182065_02378a9dfe_z_d.jpg,https://www.flickr.com/photos/52846207@N04/5686182065/in/photolist-dHCXJc-4PUcvA-8Rj3hM-d7pkyC-ddCg5Z-8Rj3vp-cgfcHf-9EtaPP-oFNjQt
Mildura,24780,https://farm5.staticflickr.com/4135/4856874706_6082d9e77f_z_d.jpg,https://www.flickr.com/photos/ccdoh1/4856874706/in/photolist-hbBmN8-8pbKD5-fuBegp-rHCp95-fuRMM5-fuBjMp-fuRzMy-r4dy4S-f8njGR-c5UGG-fvf4y8-fveXui-rHS2rv-s1z5mB-s1rECW-rHZUth-s1rWhS-rYgYQd-rHYbuY-rHYDx7-s1xLCc-rGduse-rJ5u3n-rYda7d-s1uXjP-74jEVr-rYcS71-rHVw1Q-fuRE6C-s1sX24-rHPKsj-i6hgdc-fuP7Uq-fuz1hB-fuz6FF-fuz3VT-fmRGRF-gu9PsK-jpzZjL-s7BhUj-s27USD-rGRFH6-rGRF9F-r5oamF-rFJHGg-rGRGEM-rJBrD3-s17Rxj-gumcdt-rHEpSM
Mitchell,24850,https://farm8.staticflickr.com/7393/15978756733_43d16f761e_z_d.jpg,https://www.flickr.com/photos/davidstanleytravel/15978756733/in/photolist-qkZiFK-bVL11m-gRVQ5S-6EBVkE-74QRJH-cgqx7w-ddX6Tt-sdcJUN-tjnxSE-6GzRKN-5ZMKhK-71mJ2q-7QYanK-ckuQzj-7QT25K-omyyVk-ckrRpY-prK4Vg-ckrRgY-eTu6q9-bsJZXn-6GzS8j-cTpQWE-cTpMHj-ofFiVJ-zfu2n-ckuF4u-8DxT2y-6ExDkH-8K8opr-6GvGia-6EBH2j-bibJ1T-otwpBq-ohv1KR-pcPaQA-bh7eS6-eK9D1V-edBdM2-edGRAq-edGRqL-edBbPe-edBbJt-edBbDZ-edBbz2-6GzKRq-7diGnM-d4Kx6A-rVM83u-6GzKy9
Moira,24900,https://farm9.staticflickr.com/8568/15283471774_420fe24855_z_d.jpg,https://www.flickr.com/photos/100780486@N02/15283471774/in/photolist-phxMG3-pX6rMM-pX7SXn-qewWhn-qetC3E-pWXXzY-pWXVAC-pX7G5k-qxkcSu-qPPYUq-qxtKGz-5mWaRN-2hG7TG-pX8g6F-phy4vs-pX6GQT-qMBnpN-beNnDg-fK4QrF-2i5wzx-fAAYYy-bbAwE6-qxk4DL-qxkTTo-qxjXJj-qxs8sz-qPJVmH-qPJUbr-qewKmp-qetrBE-8rCE6X-qMASHj-qxjyF5-qDaMQC-qDacRL-qPKbEZ-8uy8Y-2hG7V7-qmEUis-qAXixf-qmEVdW-qmNGwe-9mC7Kf-9mC849-9mC7vL-4gurVr-4gusHX-4dSDAv-4gusnp-9pUc1n
Monash,24970,https://farm7.staticflickr.com/6059/6275397028_9f12a5848f_z_d.jpg,https://www.flickr.com/photos/ngmorieson/6275397028/in/photolist-ayx3Uu-7phe3i-3Yfug8-gGAZ5-a2W52z-ohissp-6Z6v8t-7SV3f-8snR7s-5FMeV1-cGpZV3-cGoLXu-cGpB9m-cGqsFh-cGpbDN-22fDpN-gGAZ4-gGAZa-e93j2-gGAZ6-gGAZ8-a2W52v-aytpyo-2Wrrhf-eigVCQ-7FtebL-8MuCaP-k9z1V-k9z1S-h9MKJv-h9Luk9-h9LuJe-h9LtFo-h9LucG-h9LtA1-h9MMaX-h9LzFQ-h9Lt39-k9z1U-aduE12-adxr9q-aduMXp-bBxqj8-aV44mg-nMHKsb-7U4At7-7U1nCX-4pj5wb-4pj5zJ-4pqijH
Moonee Valley,25060,https://farm1.staticflickr.com/63/207062197_eb23f19a32_z_d.jpg,https://www.flickr.com/photos/leprecon/207062197/in/photolist-93cvLY-jifqs-jifrZ-jifm4-jifjG-jifnT-jifpq
Moorabool,25150,https://farm8.staticflickr.com/7122/7640773322_1e20761c8a_z_d.jpg,https://www.flickr.com/photos/64026539@N06/7640773322/in/photolist-cDbXH5-jrgTBD-jrir1N-jriU5s-8yYA5q-hpWrBn-hpWYvW-8meg2y-8mb64F-8mefLo-8mb6sX-8mefzC-8mb5JZ-8mb6F2-8mb6cZ-8mb5yR-8mb5mX-dgBTnh-dgBR5V-jrkrnh-dgBR1e-jriKxh-dM1scF-rvHApV-8FbxoM-93wCnF-dgBThm-6gkvjW-dgBRAc-6ggjFH-93zJby-8GegWS-dM72zj-jrk6Sq-dgBQW8-dgBTvS-cJ9fvW-ggK1Mi-dBaMX9-cPC9oh-j97bds-cPC7Mw-cPBPHG-cPBR13-j982nu-cJ9cxf-cPCap3-cPC9My-df5Ci9-9vN54e
Moreland,25250,https://farm8.staticflickr.com/7396/10433887445_4a9a3e7278_z_d.jpg,https://www.flickr.com/photos/takver/10433887445/in/photolist-dRkYSA-gU1qpV-gU1pe8-gU24XD-gU1h3A-gU1hpB-gU1eq1-q3egqa-gU1jtM-gU1Xgn-gU1fMi-gU1bpS-pL2SCk-q3oRxV-q3oTzv-rmRK9s-7ysm9M-fvfnK-gU23ZX-syUBeX-p6E948-gU1nyf-gU1oAL-9eQYFT-fveG9
Mornington Peninsula,25340,https://farm8.staticflickr.com/7400/9864771916_03ac9d2332_z_d.jpg,https://www.flickr.com/photos/indigoskies/9864771916/in/photolist-rEUadR-g2Hx1q-sBuL6o-5pvhEk-7aazEp-qGHMhw-eLG8ct-eLG7Ne-eLG7kt-eLG6VZ-7aeo7u-6UVbAR-4QxJiE-9NfW98-8BGo3w-fUuGtY-hCWKcx-7gyi5x-9qtHsZ-qqmbEk-qGyKtP-qGBVj4-qGC7dD-qGN6GT-6a2b3E-8KH2t3-5s4FKD-j4pCbz-7aaAbT-8EGipX-5rQVT7-fL38Jf-7DuS73-dGK3hb-rw4H4u-61W4q9-9xD2TZ-8KGVMY-7D9y9X-7Ddmuq-fL3cHb-j4qwHg-fL3vz7-fKKzMF-fKKmmV-j4tE8J-j4rHgQ-efi751-j4tCAL-j4pDLD
Mount Alexander,25430,https://farm3.staticflickr.com/2457/4411890863_ddafa50d0c_z_d.jpg?zz=1,https://www.flickr.com/photos/dengerer/4411890863/in/photolist-7HS6rR-6ySBAJ-gtbf57-gtaMfe-gtaLpX-gtaDvB-gtaTPB-gtbgaU-buGmoi-gtaEhB-gtbp8p-bqVbNe-bqVaXX-9hzsYd-gtb6wH-gtb4Sy-5ww1XV-5wAjns-89Z1tm-89Z2gW-kVLbrD-kSWNgS-5ww1yt-89VKkg-89Z27y-wXgKV-7tiiRj-89Z1LG-bqV8vr-6CFgA8-89VMvM-gtbAUv-gtbbQw-62Lr6J-gtb7ho-bqVf8t-pYd9c-5Ac3FC-bqVh9e-bqVgvc-4FmQPv-89Z2Pm-pvhwh-5A9xTU-pvhwd-89Z2Z5-5Ac45E-bqVaev-qnczUQ-86mRZS
Moyne,25490,https://farm9.staticflickr.com/8181/7962105352_5ab055a3bc_z_d.jpg,https://www.flickr.com/photos/melfoody/7962105352/in/photolist-d8zSwu-nPTAdr-d8zNqs-d8AwKG-5my6y8-d1347Y-r8HUFZ-7UBG4r-d8zqvo-pY2GgB-qfogts-qfgvzB-qfodjG-rnAcis-rE413n-rE3ZeP-qHn4mn-5nxEa4-d8AzYE-JAAjL-d8zB57-aYLXNH-4yatpf-qkDRub-4MR5HB-5nmfBZ-f7GLZ-7G5RqJ-pwrVeK-qt9eJW-o1VBJj-psc6ko-75FcBr-qt9uQ7-4MVfMd-qmjWFL-4o2N4B-qbL6GF-ks5UE6-d9ryYA-4MVgQb-qaADue-4MR62H-4MR4ZV-qC372P-qasYPm-pFrtUx-pFTk9L-qUS4Cx-4yat2J
Murrindindi,25620,https://farm4.staticflickr.com/3944/15020174953_49f863acf7_z_d.jpg,https://www.flickr.com/photos/qbakozak/15020174953/in/photolist-oThjHF-oTejiQ-62ug1s-5ZR4mP-5ZQuc6-6DHr2G-6DHokQ-5ZVG8h-5ZQSyn-5ZVF9U-5ZUFXh-5ZVuUQ-5ZV9hU-5ZRo34-5ZR6u2-5ZVPyb-5ZReoR-5ZVmK3-5ZVkzY-5ZR3ir-5ZS2RH-5ZWahj-5ZW2Qf-5ZRDBx-5ZVLEo-5ZVEeU-5ZVtRS-5ZVcqA-5ZWfLQ-5ZQY8a-5ZWcsG-5ZVsJw-5ZW9d7-5ZRTeT-5ZRR8B-5ZRNHM-5ZRMBc-5ZVYqY-5ZRKwB-5ZVWvj-5ZRHNT-5ZVQxC-5ZRxXK-5ZVGYQ-5ZRjGk-5ZVnS3-5ZR7rT-5ZS1Sa-5ZRYrD-5ZW86o
Nillumbik,25710,https://farm1.staticflickr.com/412/18946537102_a953f50813_z_d.jpg,https://www.flickr.com/photos/damselfly58/18946537102/in/photolist-tVSpdx-uSeXoN-tVSq1e-uAg2TR-9vviJW-9vviF7-9vviE1-9vshbR-9vviBj-9vsh9x-9vvizh-9vviy1-9vviwy-9vviuA-9vvits-9vvisq-9vvirj-9vsgYc-9vsgWT-9vsgVa-9vsgTP-9vvijq-9vvihA-9vsgNF-9vsgLF-7TsSMy-7TsTxf-8Ff7kE-6CW4pk-9mkhNA-9mkhLL-9mkhJU-9mhd8D-9mhd5V-9mhd2K-9mhcZi-9mhcWV-9mkhuW-9mhcSv-9mkhpw-9mkhms-9mkhjb-9mhcFT-9mhcDM-9mhcBH-9mhczr-9mhcw4-77V7RG-8uGXSC-8uGXRm
Northern Grampians,25810,https://farm6.staticflickr.com/5564/14818073210_92b89da717_z_d.jpg,https://www.flickr.com/photos/indigoskies/14818073210/in/photolist-8o1VFu-m27a8W-m26KkK-ozquUS-8FK7yQ-7GDWFR-aapg2y-6fkuFB-9i7VN4-coKVfA-jigyUY-rh7zid-9TjUKv-coKNJ5-oj9pPE-h5jPLE-s7pRVd-8r6ZC9-8qrbXe-6emjxg-mvkNZ3-gSFLTK-8qLnPP-mviUat-coKRMm
Port Phillip,25900,https://farm6.staticflickr.com/5037/14158288764_1e101b117e_z_d.jpg,https://www.flickr.com/photos/28566715@N06/14158288764/in/photolist-nz7VYY-t4By4G-a96yqE-76bYnr-a96xgN-c5aigJ-ixcEtJ-4QJbcb-dRCcxU-92kcKQ-ioAMj4-7j4W5t-gaZRRk-pApvRS-iqjQmr-69cbLV-dRDpih-gz7k3L-kLtqfh-ptecH4-7FdMYo-ioVVYw-7diMa1-pxg6mx-bQKuue-uVzEiw-hhcwKp-4vb4Mz-3KhQyS-e75YXK-dRyqav-fehTWK-a9UpLX-dRy72K-a9Xeny-kSTzwQ-a9UpHP-3DzjK1-4R2oMh-dRxYEz-bPNHMK-a9UqkK-9dgx6T-3DzjLh-a9UqEK-dN2YSJ-96Ggh2-4c4oeQ-7fMUTy-uVzwDo
Pyrenees,25990,https://farm3.staticflickr.com/2916/14016735507_a4452171cb_z_d.jpg,https://www.flickr.com/photos/bobarc/14016735507/in/photolist-nmBr8z-nmB6va-dVcNs-mv9eU6-5Apxxg-bidXhH-bidX5a-qSzkSy-5TCtYw-mXnUfH-hwMinv-89dCV-kR6Yc8-kR8TKN-kR7G5z-kR6wAP-kR7gEc-8S2eUb-7QWTa-k34RSa-8dFhVJ-rPystV-s6WN2V-rMDDkV-k52xYA-5Apvnx-5Apwwc-9vmm6-5AtN7d-kgko6M-kFHssX-mFiW7c-k1s3QF-5Apw6g-k1s2NF-i5XZUy-7W2Uo-mg44Ed-mYWnW6-jSjWRM-2gz573-kVaHDs-2gz57w-7sB5ZT-7sF49N-7sF46m-kV9HAc-mk9xbx-jmGjMR-nCkG2Z
Queenscliffe,26080,https://farm1.staticflickr.com/70/195974209_f79cf22535_o_d.jpg,https://www.flickr.com/photos/kabl1992/195974209/in/photolist-ijqiF-29Pa2c-29P9St-8rFZYY-29YaLS-9fWoLs-qRnaS-96jcfB-fhs1Ds-qRnfb-96npgG-4b3azX-4aR2go-4aR29W-4aLZqF-4aR1Qo-4aR1Eh-4b7bz1-4b7bCY-pGQMFF-pH9LpN-56pan-J5Bzs-4GdKoM-2eeYtv-pGQMtB-J5BsQ-pqCwod-pqEWif-pqCz2j-pH9Q7C-pqA5z4-pqCyrS-pqCuPw-pH5uW4-pqA1N6-pH5sMz-pGQK3z-pH9HTW-pqCsmW-pqCsfo-pH9Hzu-pH9HhW-oLdTzd-oLdTjy-pqzXik-pqCr1E-pqEXV3-4GhTZ5-pGQHfr
South Gippsland,26170,https://farm9.staticflickr.com/8382/8690716643_4ebf20143b_z_d.jpg,https://www.flickr.com/photos/ajft/8690716643/in/photolist-9fkxwh-bg7EQn-bg7EQ6-7YWxVZ-7YZPTS-7YZR6d-wCjZE-wCk6Y-ef4WH1-eeYch8-eeYdYc-wCpyE-bAf3kr-bg7EQH-wCnp6-bg7EQi-9SE2PK-d6CNF-d6CLM-3VaaY3-aW7AV-98iZTj-98fR56-7YZSYb-7YZSkj-ah31vU-au5n5C-7YWMmk-7YZQvd-7YZREf-aEc1Jc-aPusM-c4vw7L-asQaH9-4gnXV6-4gs1nu
Southern Grampians,26260,https://farm9.staticflickr.com/8861/18177990111_a6b36d4c0d_z_d.jpg,https://www.flickr.com/photos/82134796@N03/18177990111/in/photolist-tGjX9B-sKovxF-tpBHZA-tGdYvv-7Vsyr9-py7qTj-pMCF7t-pMEQgj-obLFSi-nsdcpj-obKNBd-e8ikPp-rWRJEW-sAm1mG-rDySEz-ddWDeE-rWZuAi-rWSuuS-sfQavh-nAJpLv-rP5Uvv-sAtBvp-93LW6v-5KHgid-p8fRWx-nSW4QR-pQvxgn-d4UYzL-rDwKhT-nrTmYz-7tomab-pMz1uM-9xyiAe-9xB7LL-93LZ9n-nq8iEE-nJf9fQ-siLGqQ-seiHY1-rDEqv8-sepigT-bCnsp6-bpsxxj-seiJxh-rDLWiH-naFquG-bCntZF-siM9td-ov1emn-obKKn7
Stonnington,26350,https://farm6.staticflickr.com/5591/14962425960_19a9b00c02_z_d.jpg,https://www.flickr.com/photos/75487768@N04/14962425960/in/photolist-oNbkXo-7AEiv-5oa1ad-cVfxL7-6nHVx5-58xKBL-oNb6in-bWH5kS-bWHcFj-bWKhCG-bWGWLC-bWGQFY-oaz1eC-dL4sYU-29hnh-bWKrZj-nVHYFf-cVfybQ-bWJX9u-oniHiU-bWH1nN-6n2xrB-oniNrj-cVfzzh-8HXDxf-87ZE29-uTLCf7-6tj57p-AcLRu-93QTdU-6toycj-bGFNbv-5dmEn3-6n25an-bWKoCN-bWKy9u-5XiB8G-66np2m-bWKBJ7-c8tbc7-5pfYr1-bWH9bW-bnCtb6-5kBYrs-2VashB-82TPER-74ohYo-3j6kPf-dGjjU4-6W44pz
Strathbogie,26430,https://farm5.staticflickr.com/4096/4915898824_21f25a5996_z_d.jpg,https://www.flickr.com/photos/52846207@N04/4915898824/in/photolist-95z13z-8upgsh-95C3j5-95yZkr-95C2Em-95C2kL-95yYbV-95yXTr-95yXuR-95yX7V-95BZmY-95yWtg-95BYG9-95BYkE-95yVkT-95yUZK-smgt5u-8upfC5-8uphe9-fmZBok-241HW-241HU-241HT-241HV-241HY-dpDmqM-8Yqdow-kfp16U-kfmBdK-k3paze-k3r19C-kfoZV3-24U4K-BdNmW-24U3i-24U4W-24U4s-24U4m-24U3z-24U38-24U2T-24U2r-24U2a-4XkMYJ-5UQxjd-kfnk9g-kfnk5D-k3papK-fEV8v
Surf Coast,26490,https://farm5.staticflickr.com/4071/4613376363_1a8eea147a_z_d.jpg,https://www.flickr.com/photos/jon_lin/4613376363/in/photolist-82EL4M-7yCE4X-6jWL5i-5yXMRX-6pAfGD-dXe2nd-7P8Nti-oWSUzy-b6w9Ck-aUYR7k-7JGZFE-mpVB4s-ba3Wxa-pzKfci-c7tdpq-dLJTq9-9bYXhF-s8YPSv-9ie8DA-fBcDS-nPJ3DC-q5ZHKT-9iec3b-pzQsQo-6jQvkV-7ib4x7-iSFGiz-5Ct54Y-pfY8hw-ghLYnE-bvT2uV-9tv61p-7yGy4J-p3T62U-p3PNXr-iSEm1K-5USMSx-7zRPaD-iSGgp5-eJFjmh-azPgPz-9ovJDR-8AeubY-7RJRRD-hfW5-onVeyz-7i7duc-brjFct-9iC1ZP-8JUv5M
Swan Hill,26610,https://farm1.staticflickr.com/104/313049131_e7531c7eb9_z_d.jpg,https://www.flickr.com/photos/yewenyi/313049131/in/photolist-tEsAP-71oA8K-65XS89-G7yTv-6U9FC-6U9TL-6U9ty-6U9zv-6U8AY-6U8V1-6U8Dw-6U8Pn-6U8GR-6U8WV-6U8KX-e3azBN-7NefYF-7Nif49-7Nehu8-7NegDc-4VnnSF-7NifMf-8rFGXw-7dGnNG-bEM9Xr-9DcfPh-brzLRy-65TvvV-65XM1y-65TAmk-65Tv5c-65XQfA-65TwbF-65Tzfz-65TyXt-65XLDN-65TASi-65TxvK-65XMwG-65TCvt-65XMP1-65XPaS-65TzRT-65TBVi-65TxZv-9D9kQv-e34U9g-9D9mg4-9DcfAS-9DcePG
Towong,26670,https://farm5.staticflickr.com/4098/4906674245_3fccb7f44b_z_d.jpg,https://www.flickr.com/photos/52846207@N04/4906674245/in/photolist-4mG1qb-8tzZiP-4mG1cS-4mG1bs-4mBXB2-4mBXDD-4mG1A5-4mBXAe-4mG1vy-4mBXk2-4mG1hd-4mG1tf-4mBXxe-4mG1rL-4mBXri-4mG1kf-4mBXiZ-4mBXeT-4mG1iE-4mG1mq-awVJaf-dMuQHL-9pEvqR
Wangaratta,26700,https://farm3.staticflickr.com/2748/4211067287_5dd51c1bf6_z_d.jpg,https://www.flickr.com/photos/fransdewit/4211067287/in/photolist-7q7PAp-9DcesG-dZZWya-7q89Dz-7q8d4R-7w7Tqy-7w44NV-e3azYE-6ZQkrn-6ZQkpF-e3azE7-e34TEK-e3azBN-7q8aoP-7q85Bg-7q8i3R-7q8hax-7q8gkp-7qca9w-7q8eyp-7q8dCZ-7q8c6D-7q8b9Z-7q88Pp-7qbVXC-7qbTy9-7qbNLq-7q7SHB-7q7Qnp-7q88bZ-7qc2iE-7q86t4-7qbYPN-7q84qH-7qbXQW-7q83nH-7q82xF-7q81ri-7q7ZWc-7q7ZuD-7q7Z1i-7qbSNs-7qbS3G-7qbRcs-7q7ViT-7q7Uti-7q7RWK-7q7R4T-e34U9g-hYXuFD
Warrnambool,26730,https://farm4.staticflickr.com/3949/15410262538_6da5290f3c_z_d.jpg,https://www.flickr.com/photos/hazara/15410262538/in/photolist-ptKCaG-4DsJ66-8PRkGQ-piX9eM-necEyW-auChmE-dHNPQ5-54JQoY-5ZRYkF-bihiWP-pCR1P2-8Q5s3z-jEavvg-9eXwXS-pCyCsX-7jax1-9KpKY3-nEhCye-nyUyYc-8BH8KA-5ZWb5s-oM46HA-5Yj2mq-nf6Zga-669Zcy-rQLo2D-piX3M4-98j3PG-qeizJ4-knjhSP-naAnKc-8BGQQA-Ah93G-b4bzun-79YpP7-9HJLbw-dhLCf-6nvVpN-61r2Tn-9zxZY6-nnxLuQ-9Cs3iv-jFjQuL-dnTzTf-ooDski-7g3TiD-jdraBq-xf96A-cjnCy-9pQfS6
Wellington,26810,https://farm5.staticflickr.com/4005/5153492140_1cab893df1_z_d.jpg,https://www.flickr.com/photos/pnglife/5153492140/in/photolist-8RoZEL-h3vv5v-8GYw4g-kxBNds-4Bv7gR-sV3adJ-43CVBj-7QkxWF-tEsAP-bSWmQ6-bxACnE-bxAEwy-u9U6sf-orMKF7-926Pew-9a1xeD-dx5zUV-61fhFW-5USXiX-7Xz3fY-88UucL-5SNx7B-8dLw6x-4F9ti2-fAXyU8-pUtxYc-7it7vo-dMmoLn-49GY1-b45BCx-qyGdSu-8K92KR-yVZk6-dx5CU6-dxb9Xy-8EqymC-bLvkgT-7ANdUY-q4rcWE-97q2tN-5BvP5P-6p4HqA-byiVZ8-aMJ3Nc-rdpvFz-qM99e3-dQxL2M-p7p5yT-rsyCQE-dxb6Mo
West Wimmera,26890,https://farm9.staticflickr.com/8142/7171694961_924bdec313_z_d.jpg,https://www.flickr.com/photos/oflittleinterest/7171694961/in/photolist-bVJP48-cKGBjd-9iLjXp-bvif51-7VpdkT-cKGzwq-bVK2Pr-7Vpeuv-cd7b6d-bVJJvr-bVJXMT-7pm75s-rYEMQX-bVJVni-cd77oq-cKGD8J-cd7h9o-cd7k7L-bVJR68-bVJJ38-bVJVMp-7VsrC3-ivc7Zq-7VpcN4-cKGFgG-cd344E-bVJYP8-cKGKAh-bVJPuP-bVJKwH-bVJQ1M-cd73wA-7uhwBz-cd7a2q-bviemC-cd7bwS-9u1zgQ-cd7f4U-qnhpTD-cd7djG-7Vpcxt-r2WwXv-ak2bNu-cd6ZoE-7Vpnqx-bVK3xz-cd78xY-cd74WA-bVK1Wc-9tXzr8
Whitehorse,26980,https://farm4.staticflickr.com/3934/15394906088_00d8de41e7_z_d.jpg,https://www.flickr.com/photos/indigoskies/15394906088/in/photolist-oGZeht-pDBhqD-qaR8EF-q68zJ6-5S3cn-4eBLEe-6Mr9gD-psoVej-pRZoKB-5AcktL-pgqH47-p2yEzN-oK83GA-5tek9D-5tiJ8h-4ne7Z-CVozn-5tejgR-5tiHfU-piqN53-iSeYZ2-iwpu5E-4eLjpm-4eLkdm
Whittlesea,27070,https://www.flickr.com/photos/webraconteur/13076429523/sizes/l,https://www.flickr.com/photos/webraconteur/13076429523/in/photolist-7gnxN7-7bf1YS-kVw7Vr-7gnxN9-aP2vy2-7bf1Z3-7gnxNb
Wodonga,27170,https://www.flickr.com/photos/heritagefutures/1426892285/sizes/l,https://www.flickr.com/photos/heritagefutures/1426892285/in/photolist-3b6cn8-74jJA4-6wQ3jR-4VzYF7-6hBV1T-6wUehj-3avPFk-6hG9hQ-74oDSb-3aA47J-a5fAPj-drxNYx-6hBYx6-6hG8p7-mz7TTK-6hG5Zh-mziKFD-6wQ5JV-mXo7Fz-djneJU-3avueR-6hBYKM-6wQ6jt-4VzZ1y-4VzZb9-zJeT2-4VvKkK-4VvKGD-2RXoe-4VvKx4-4VvKhT-4VvKLT-oqkaEP-dry34J-3avso6-3avvHV-x1osn-6wQ57Z-3avtgt-3avuZn-7JBv2j-2RXza-dqZvM7-5RqfPU-ds7pS8-4VvKBR-4VzYy5-4VzYBh-aXDQNt-5bjrDL
Wyndham,27260,https://farm2.staticflickr.com/1020/531780382_d52efcb108_z_d.jpg,https://www.flickr.com/photos/hourann/531780382/in/photolist-NZvMh-6g1ew9-g6C71Q-fexaxS-kUAonD-r9savC-niMRJr-npduny-f13L5T-a85Szu-fjJjSo-a831h8-gh9XWJ-eSJdxA-f38iyv-foA7Z4-s6jmBQ-gR43PU-fHyzjc-fpQjR3-ffJGzV-fciXKD-74owg1-a831pX-jfE1Cn-fkMAPg-fU6bdc-s4aey5-rdpvFz-fbfsQM-6fyJ7T-faL99b-fkpdT1-e9c5rB-fhyUMS-gE5J75-fAeinj-eQzBVT-a831eP-a831iK-f7nZNu-eWFqTo-a85SBQ-a831vx-a85Spf-a85SGN-a85SqS-fm4uFp-6fyJb4-fNqqGT
Yarra,27350,https://farm1.staticflickr.com/43/159730697_08f12bf3a8_z_d.jpg?zz=1,https://www.flickr.com/photos/ogcodes/159730697/in/photolist-f7Enx-poX7yN-naEo2V-s2BP3y-ns3hia-nHa9pi-omCcrq-kzkcmH-tCtKVn-tqoqgo-qK6H7d-rVbMuE-q8PiGi-rTf1gV-t2w6Zj-tLLpEW-oqVj7M-odnjyR-rBmn29-tEvAdx-qFnuD9-sdBNU3-uu9b9H-rpHTnb-rFy5vc-pGN2Zr-rUUNkJ-t8WcGR-p62gfW-sDF3Tm-sHMHMG-oNsbfx-t5xyvq-smkExz-uFmJM5-r2v1gw-swxUzx-ur9DYZ-qVSA2m-reMFT2-nXVZGd-spg7DJ-u4mfTR-qC9G3q-pkqkNr-r7j6BD-s784c2-osP2ym-q7sjre-quFdMK
Yarra Ranges,27450,https://farm8.staticflickr.com/7444/11598212594_a058e63c7a_z_d.jpg,https://www.flickr.com/photos/hazara/11598212594/in/photolist-iETSwE-4Q8mMY-iZLP7o-dquD14-4Q8mCJ-4Q48E6-aJ2cbD-meUXwJ-9iL7s6-dquKw3-9Fu8GB-9Fx6LE-9Fu8V6-dquD8F-bBh4x1-9Fx6iU-9Fu9Xr-cVtKNW-9Fx6YQ-9Fx5G9-4Q8me1-axHveQ-4Q8mKo-4Q8myA-4Q8mmJ
Yarriambiack,27630,https://farm8.staticflickr.com/7179/13707582753_55654d8c6a_z_d.jpg,https://www.flickr.com/photos/bobarc/13707582753/in/photolist-mTi1BV-mThWMF-8XPqF3-8XPpZE-8XPox1-8XLkXT-8XLjs8-9hLR7s-mTjP7C-mThYKZ-mThUKV-9hLRmC-8XLidp-9hHL2t-8XPkXY-922gpZ-8XLiTD-8XLgZg-9hHKMT-34DnVB-scvk38-scpTq7-mRW9LP-mRVWQ6-s4f3qj-mRVvp6-mRVAFD-mRXLMA-8y8L53-8y4VPV